year,urbanization,sex,age_group,x,nDx,nEx
2017,Large Central Metro,Female,1,0,3132,638961
2017,Large Central Metro,Female,1-4,1,442,2505702
2017,Large Central Metro,Female,5-9,5,278,3073065
2017,Large Central Metro,Female,10-14,10,326,3051728
2017,Large Central Metro,Female,15-19,15,777,3064619
2017,Large Central Metro,Female,20-24,20,1545,3370234
2017,Large Central Metro,Female,25-29,25,2250,4251482
2017,Large Central Metro,Female,30-34,30,2829,3922755
2017,Large Central Metro,Female,35-39,35,3709,3586562
2017,Large Central Metro,Female,40-44,40,4618,3257801
2017,Large Central Metro,Female,45-49,45,7158,3345724
2017,Large Central Metro,Female,50-54,50,11147,3281218
2017,Large Central Metro,Female,55-59,55,16889,3288456
2017,Large Central Metro,Female,60-64,60,22112,2968913
2017,Large Central Metro,Female,65-69,65,26527,2461683
2017,Large Central Metro,Female,70-74,70,30462,1850504
2017,Large Central Metro,Female,75-79,75,35528,1304361
2017,Large Central Metro,Female,80-84,80,44730,945369
2017,Large Central Metro,Female,85+,85,141723,1182345
2018,Large Central Metro,Female,1,0,2956,622673
2018,Large Central Metro,Female,1-4,1,446,2490512
2018,Large Central Metro,Female,5-9,5,327,3053904
2018,Large Central Metro,Female,10-14,10,370,3062441
2018,Large Central Metro,Female,15-19,15,769,3055099
2018,Large Central Metro,Female,20-24,20,1426,3323371
2018,Large Central Metro,Female,25-29,25,2256,4246348
2018,Large Central Metro,Female,30-34,30,2832,3958132
2018,Large Central Metro,Female,35-39,35,3757,3632535
2018,Large Central Metro,Female,40-44,40,4468,3253278
2018,Large Central Metro,Female,45-49,45,7005,3317180
2018,Large Central Metro,Female,50-54,50,10506,3213591
2018,Large Central Metro,Female,55-59,55,16620,3274778
2018,Large Central Metro,Female,60-64,60,22180,3007908
2018,Large Central Metro,Female,65-69,65,26525,2500080
2018,Large Central Metro,Female,70-74,70,31233,1932598
2018,Large Central Metro,Female,75-79,75,36929,1367810
2018,Large Central Metro,Female,80-84,80,44834,963974
2018,Large Central Metro,Female,85+,85,141398,1188580
2019,Large Central Metro,Female,1,0,2972,607547
2019,Large Central Metro,Female,1-4,1,490,2453208
2019,Large Central Metro,Female,5-9,5,291,3045425
2019,Large Central Metro,Female,10-14,10,314,3045530
2019,Large Central Metro,Female,15-19,15,730,3050846
2019,Large Central Metro,Female,20-24,20,1418,3276766
2019,Large Central Metro,Female,25-29,25,2177,4208023
2019,Large Central Metro,Female,30-34,30,2936,4013306
2019,Large Central Metro,Female,35-39,35,3826,3655614
2019,Large Central Metro,Female,40-44,40,4661,3268440
2019,Large Central Metro,Female,45-49,45,6897,3272648
2019,Large Central Metro,Female,50-54,50,10230,3166554
2019,Large Central Metro,Female,55-59,55,15989,3262888
2019,Large Central Metro,Female,60-64,60,22254,3032407
2019,Large Central Metro,Female,65-69,65,26647,2553163
2019,Large Central Metro,Female,70-74,70,32477,2026602
2019,Large Central Metro,Female,75-79,75,37220,1420720
2019,Large Central Metro,Female,80-84,80,44268,991655
2019,Large Central Metro,Female,85+,85,139011,1191319
2017,Large Central Metro,Male,1,0,4015,668442
2017,Large Central Metro,Male,1-4,1,641,2621109
2017,Large Central Metro,Male,5-9,5,365,3198978
2017,Large Central Metro,Male,10-14,10,533,3166384
2017,Large Central Metro,Male,15-19,15,2289,3163053
2017,Large Central Metro,Male,20-24,20,4699,3421836
2017,Large Central Metro,Male,25-29,25,6213,4275375
2017,Large Central Metro,Male,30-34,30,6453,3963926
2017,Large Central Metro,Male,35-39,35,7051,3563107
2017,Large Central Metro,Male,40-44,40,7877,3175211
2017,Large Central Metro,Male,45-49,45,11719,3261016
2017,Large Central Metro,Male,50-54,50,18117,3166461
2017,Large Central Metro,Male,55-59,55,26977,3084922
2017,Large Central Metro,Male,60-64,60,33737,2653839
2017,Large Central Metro,Male,65-69,65,36652,2097967
2017,Large Central Metro,Male,70-74,70,38017,1509195
2017,Large Central Metro,Male,75-79,75,38349,983467
2017,Large Central Metro,Male,80-84,80,41378,647103
2017,Large Central Metro,Male,85+,85,85872,629103
2018,Large Central Metro,Male,1,0,3835,651393
2018,Large Central Metro,Male,1-4,1,627,2605857
2018,Large Central Metro,Male,5-9,5,374,3180178
2018,Large Central Metro,Male,10-14,10,497,3180987
2018,Large Central Metro,Male,15-19,15,2124,3150084
2018,Large Central Metro,Male,20-24,20,4407,3358908
2018,Large Central Metro,Male,25-29,25,5992,4282553
2018,Large Central Metro,Male,30-34,30,6303,4015827
2018,Large Central Metro,Male,35-39,35,7190,3620791
2018,Large Central Metro,Male,40-44,40,7952,3175015
2018,Large Central Metro,Male,45-49,45,11778,3221373
2018,Large Central Metro,Male,50-54,50,17454,3108835
2018,Large Central Metro,Male,55-59,55,26952,3080760
2018,Large Central Metro,Male,60-64,60,34599,2702409
2018,Large Central Metro,Male,65-69,65,37514,2129195
2018,Large Central Metro,Male,70-74,70,39604,1580578
2018,Large Central Metro,Male,75-79,75,40284,1036201
2018,Large Central Metro,Male,80-84,80,41927,664122
2018,Large Central Metro,Male,85+,85,86149,639078
2019,Large Central Metro,Male,1,0,3558,635403
2019,Large Central Metro,Male,1-4,1,587,2565645
2019,Large Central Metro,Male,5-9,5,377,3174341
2019,Large Central Metro,Male,10-14,10,494,3166204
2019,Large Central Metro,Male,15-19,15,2168,3140707
2019,Large Central Metro,Male,20-24,20,4422,3296213
2019,Large Central Metro,Male,25-29,25,6095,4249401
2019,Large Central Metro,Male,30-34,30,6749,4084674
2019,Large Central Metro,Male,35-39,35,7413,3654737
2019,Large Central Metro,Male,40-44,40,8270,3194769
2019,Large Central Metro,Male,45-49,45,11416,3164763
2019,Large Central Metro,Male,50-54,50,17007,3065002
2019,Large Central Metro,Male,55-59,55,26484,3079712
2019,Large Central Metro,Male,60-64,60,34725,2738894
2019,Large Central Metro,Male,65-69,65,38275,2176428
2019,Large Central Metro,Male,70-74,70,40951,1657976
2019,Large Central Metro,Male,75-79,75,41195,1079094
2019,Large Central Metro,Male,80-84,80,42520,687382
2019,Large Central Metro,Male,85+,85,85761,651063
2017,Large Fringe Metro,Female,1,0,2085,454019
2017,Large Fringe Metro,Female,1-4,1,367,1907332
2017,Large Fringe Metro,Female,5-9,5,258,2507429
2017,Large Fringe Metro,Female,10-14,10,274,2659289
2017,Large Fringe Metro,Female,15-19,15,687,2609557
2017,Large Fringe Metro,Female,20-24,20,1229,2484795
2017,Large Fringe Metro,Female,25-29,25,1824,2562019
2017,Large Fringe Metro,Female,30-34,30,2366,2617109
2017,Large Fringe Metro,Female,35-39,35,2852,2707985
2017,Large Fringe Metro,Female,40-44,40,3480,2602280
2017,Large Fringe Metro,Female,45-49,45,5725,2866469
2017,Large Fringe Metro,Female,50-54,50,9035,2947983
2017,Large Fringe Metro,Female,55-59,55,14386,2966437
2017,Large Fringe Metro,Female,60-64,60,18277,2620556
2017,Large Fringe Metro,Female,65-69,65,23022,2200330
2017,Large Fringe Metro,Female,70-74,70,29063,1705712
2017,Large Fringe Metro,Female,75-79,75,33097,1167398
2017,Large Fringe Metro,Female,80-84,80,41544,825179
2017,Large Fringe Metro,Female,85+,85,133602,1019427
2018,Large Fringe Metro,Female,1,0,2014,447240
2018,Large Fringe Metro,Female,1-4,1,373,1914393
2018,Large Fringe Metro,Female,5-9,5,222,2498544
2018,Large Fringe Metro,Female,10-14,10,296,2666772
2018,Large Fringe Metro,Female,15-19,15,681,2614351
2018,Large Fringe Metro,Female,20-24,20,1237,2474098
2018,Large Fringe Metro,Female,25-29,25,1790,2599082
2018,Large Fringe Metro,Female,30-34,30,2316,2630457
2018,Large Fringe Metro,Female,35-39,35,2904,2753979
2018,Large Fringe Metro,Female,40-44,40,3509,2612921
2018,Large Fringe Metro,Female,45-49,45,5448,2828741
2018,Large Fringe Metro,Female,50-54,50,8679,2882309
2018,Large Fringe Metro,Female,55-59,55,13991,2971299
2018,Large Fringe Metro,Female,60-64,60,18474,2682879
2018,Large Fringe Metro,Female,65-69,65,22876,2236146
2018,Large Fringe Metro,Female,70-74,70,29576,1781893
2018,Large Fringe Metro,Female,75-79,75,35013,1249328
2018,Large Fringe Metro,Female,80-84,80,41937,847630
2018,Large Fringe Metro,Female,85+,85,134865,1029930
2019,Large Fringe Metro,Female,1,0,1959,442876
2019,Large Fringe Metro,Female,1-4,1,315,1906849
2019,Large Fringe Metro,Female,5-9,5,226,2507047
2019,Large Fringe Metro,Female,10-14,10,306,2655135
2019,Large Fringe Metro,Female,15-19,15,668,2619308
2019,Large Fringe Metro,Female,20-24,20,1197,2461023
2019,Large Fringe Metro,Female,25-29,25,1711,2610599
2019,Large Fringe Metro,Female,30-34,30,2320,2658798
2019,Large Fringe Metro,Female,35-39,35,3010,2781509
2019,Large Fringe Metro,Female,40-44,40,3540,2646312
2019,Large Fringe Metro,Female,45-49,45,5227,2776002
2019,Large Fringe Metro,Female,50-54,50,8305,2828606
2019,Large Fringe Metro,Female,55-59,55,13762,2979335
2019,Large Fringe Metro,Female,60-64,60,18899,2732167
2019,Large Fringe Metro,Female,65-69,65,23183,2290417
2019,Large Fringe Metro,Female,70-74,70,30737,1868555
2019,Large Fringe Metro,Female,75-79,75,36131,1311498
2019,Large Fringe Metro,Female,80-84,80,42803,877188
2019,Large Fringe Metro,Female,85+,85,133111,1034999
2017,Large Fringe Metro,Male,1,0,2572,475698
2017,Large Fringe Metro,Male,1-4,1,464,1991036
2017,Large Fringe Metro,Male,5-9,5,280,2617720
2017,Large Fringe Metro,Male,10-14,10,418,2772382
2017,Large Fringe Metro,Male,15-19,15,1794,2748061
2017,Large Fringe Metro,Male,20-24,20,3695,2596617
2017,Large Fringe Metro,Male,25-29,25,4987,2645508
2017,Large Fringe Metro,Male,30-34,30,5118,2604430
2017,Large Fringe Metro,Male,35-39,35,5529,2647012
2017,Large Fringe Metro,Male,40-44,40,5769,2523546
2017,Large Fringe Metro,Male,45-49,45,8973,2765798
2017,Large Fringe Metro,Male,50-54,50,13926,2822620
2017,Large Fringe Metro,Male,55-59,55,21195,2816745
2017,Large Fringe Metro,Male,60-64,60,27466,2418818
2017,Large Fringe Metro,Male,65-69,65,31692,1947562
2017,Large Fringe Metro,Male,70-74,70,36048,1458757
2017,Large Fringe Metro,Male,75-79,75,37503,935568
2017,Large Fringe Metro,Male,80-84,80,40160,593564
2017,Large Fringe Metro,Male,85+,85,81475,548563
2018,Large Fringe Metro,Male,1,0,2490,468633
2018,Large Fringe Metro,Male,1-4,1,471,2001946
2018,Large Fringe Metro,Male,5-9,5,269,2610913
2018,Large Fringe Metro,Male,10-14,10,399,2781320
2018,Large Fringe Metro,Male,15-19,15,1555,2745652
2018,Large Fringe Metro,Male,20-24,20,3345,2574208
2018,Large Fringe Metro,Male,25-29,25,4604,2692411
2018,Large Fringe Metro,Male,30-34,30,5003,2629836
2018,Large Fringe Metro,Male,35-39,35,5569,2696650
2018,Large Fringe Metro,Male,40-44,40,5952,2540485
2018,Large Fringe Metro,Male,45-49,45,8633,2730893
2018,Large Fringe Metro,Male,50-54,50,13460,2762017
2018,Large Fringe Metro,Male,55-59,55,21436,2821428
2018,Large Fringe Metro,Male,60-64,60,27859,2480707
2018,Large Fringe Metro,Male,65-69,65,32408,1975359
2018,Large Fringe Metro,Male,70-74,70,36902,1524343
2018,Large Fringe Metro,Male,75-79,75,39586,1005265
2018,Large Fringe Metro,Male,80-84,80,40722,614916
2018,Large Fringe Metro,Male,85+,85,82606,561566
2019,Large Fringe Metro,Male,1,0,2516,464016
2019,Large Fringe Metro,Male,1-4,1,397,1990950
2019,Large Fringe Metro,Male,5-9,5,258,2621167
2019,Large Fringe Metro,Male,10-14,10,408,2769726
2019,Large Fringe Metro,Male,15-19,15,1608,2744915
2019,Large Fringe Metro,Male,20-24,20,3250,2560506
2019,Large Fringe Metro,Male,25-29,25,4533,2710647
2019,Large Fringe Metro,Male,30-34,30,4948,2668916
2019,Large Fringe Metro,Male,35-39,35,5738,2728114
2019,Large Fringe Metro,Male,40-44,40,6229,2576448
2019,Large Fringe Metro,Male,45-49,45,8600,2684500
2019,Large Fringe Metro,Male,50-54,50,13178,2715306
2019,Large Fringe Metro,Male,55-59,55,20930,2829038
2019,Large Fringe Metro,Male,60-64,60,28129,2533068
2019,Large Fringe Metro,Male,65-69,65,32843,2024909
2019,Large Fringe Metro,Male,70-74,70,38263,1596539
2019,Large Fringe Metro,Male,75-79,75,40582,1053436
2019,Large Fringe Metro,Male,80-84,80,41627,639403
2019,Large Fringe Metro,Male,85+,85,83346,575704
2017,Medium Metro,Female,1,0,2202,402858
2017,Medium Metro,Female,1-4,1,364,1648940
2017,Medium Metro,Female,5-9,5,223,2108343
2017,Medium Metro,Female,10-14,10,261,2151671
2017,Medium Metro,Female,15-19,15,668,2243036
2017,Medium Metro,Female,20-24,20,1239,2394327
2017,Medium Metro,Female,25-29,25,1795,2337862
2017,Medium Metro,Female,30-34,30,2326,2179211
2017,Medium Metro,Female,35-39,35,2819,2137485
2017,Medium Metro,Female,40-44,40,3614,1981705
2017,Medium Metro,Female,45-49,45,5560,2131104
2017,Medium Metro,Female,50-54,50,9041,2212682
2017,Medium Metro,Female,55-59,55,14008,2345319
2017,Medium Metro,Female,60-64,60,18160,2205718
2017,Medium Metro,Female,65-69,65,22631,1920004
2017,Medium Metro,Female,70-74,70,27404,1500091
2017,Medium Metro,Female,75-79,75,31512,1044138
2017,Medium Metro,Female,80-84,80,38540,744401
2017,Medium Metro,Female,85+,85,117845,891382
2018,Medium Metro,Female,1,0,2115,392809
2018,Medium Metro,Female,1-4,1,344,1642189
2018,Medium Metro,Female,5-9,5,213,2098799
2018,Medium Metro,Female,10-14,10,291,2167476
2018,Medium Metro,Female,15-19,15,679,2247367
2018,Medium Metro,Female,20-24,20,1114,2381356
2018,Medium Metro,Female,25-29,25,1777,2360396
2018,Medium Metro,Female,30-34,30,2360,2193018
2018,Medium Metro,Female,35-39,35,2933,2174197
2018,Medium Metro,Female,40-44,40,3506,1994084
2018,Medium Metro,Female,45-49,45,5482,2116971
2018,Medium Metro,Female,50-54,50,8598,2157458
2018,Medium Metro,Female,55-59,55,13686,2339616
2018,Medium Metro,Female,60-64,60,18531,2242526
2018,Medium Metro,Female,65-69,65,22694,1954410
2018,Medium Metro,Female,70-74,70,28317,1569689
2018,Medium Metro,Female,75-79,75,32405,1111536
2018,Medium Metro,Female,80-84,80,38906,763255
2018,Medium Metro,Female,85+,85,117541,900726
2019,Medium Metro,Female,1,0,2016,386418
2019,Medium Metro,Female,1-4,1,352,1626825
2019,Medium Metro,Female,5-9,5,237,2099792
2019,Medium Metro,Female,10-14,10,283,2164549
2019,Medium Metro,Female,15-19,15,597,2246641
2019,Medium Metro,Female,20-24,20,1114,2366113
2019,Medium Metro,Female,25-29,25,1720,2360679
2019,Medium Metro,Female,30-34,30,2360,2224750
2019,Medium Metro,Female,35-39,35,2966,2195374
2019,Medium Metro,Female,40-44,40,3411,2021581
2019,Medium Metro,Female,45-49,45,5430,2084368
2019,Medium Metro,Female,50-54,50,8152,2113838
2019,Medium Metro,Female,55-59,55,13574,2333761
2019,Medium Metro,Female,60-64,60,18914,2266985
2019,Medium Metro,Female,65-69,65,22525,2001233
2019,Medium Metro,Female,70-74,70,28892,1647614
2019,Medium Metro,Female,75-79,75,33619,1162513
2019,Medium Metro,Female,80-84,80,39347,784780
2019,Medium Metro,Female,85+,85,116405,903016
2017,Medium Metro,Male,1,0,2752,422108
2017,Medium Metro,Male,1-4,1,486,1728766
2017,Medium Metro,Male,5-9,5,291,2199853
2017,Medium Metro,Male,10-14,10,466,2247948
2017,Medium Metro,Male,15-19,15,1678,2329008
2017,Medium Metro,Male,20-24,20,3483,2529627
2017,Medium Metro,Male,25-29,25,4306,2437936
2017,Medium Metro,Male,30-34,30,4813,2214025
2017,Medium Metro,Male,35-39,35,5320,2128214
2017,Medium Metro,Male,40-44,40,5848,1942680
2017,Medium Metro,Male,45-49,45,8684,2077609
2017,Medium Metro,Male,50-54,50,13790,2116614
2017,Medium Metro,Male,55-59,55,21504,2192646
2017,Medium Metro,Male,60-64,60,27807,1998799
2017,Medium Metro,Male,65-69,65,32076,1706576
2017,Medium Metro,Male,70-74,70,34930,1308033
2017,Medium Metro,Male,75-79,75,35469,851250
2017,Medium Metro,Male,80-84,80,37683,548525
2017,Medium Metro,Male,85+,85,73113,495569
2018,Medium Metro,Male,1,0,2633,411663
2018,Medium Metro,Male,1-4,1,492,1722245
2018,Medium Metro,Male,5-9,5,260,2191922
2018,Medium Metro,Male,10-14,10,409,2263789
2018,Medium Metro,Male,15-19,15,1668,2330998
2018,Medium Metro,Male,20-24,20,3193,2503447
2018,Medium Metro,Male,25-29,25,4304,2470909
2018,Medium Metro,Male,30-34,30,4720,2233678
2018,Medium Metro,Male,35-39,35,5383,2167923
2018,Medium Metro,Male,40-44,40,5853,1959104
2018,Medium Metro,Male,45-49,45,8827,2057801
2018,Medium Metro,Male,50-54,50,12962,2068063
2018,Medium Metro,Male,55-59,55,21330,2185442
2018,Medium Metro,Male,60-64,60,28622,2032984
2018,Medium Metro,Male,65-69,65,32560,1730136
2018,Medium Metro,Male,70-74,70,36329,1368943
2018,Medium Metro,Male,75-79,75,37706,911560
2018,Medium Metro,Male,80-84,80,38078,566879
2018,Medium Metro,Male,85+,85,73855,507489
2019,Medium Metro,Male,1,0,2649,404810
2019,Medium Metro,Male,1-4,1,447,1702382
2019,Medium Metro,Male,5-9,5,278,2197842
2019,Medium Metro,Male,10-14,10,415,2259587
2019,Medium Metro,Male,15-19,15,1643,2328072
2019,Medium Metro,Male,20-24,20,3110,2480390
2019,Medium Metro,Male,25-29,25,4240,2478112
2019,Medium Metro,Male,30-34,30,4837,2266652
2019,Medium Metro,Male,35-39,35,5526,2191714
2019,Medium Metro,Male,40-44,40,6056,1989001
2019,Medium Metro,Male,45-49,45,8620,2025123
2019,Medium Metro,Male,50-54,50,12987,2031522
2019,Medium Metro,Male,55-59,55,21389,2177603
2019,Medium Metro,Male,60-64,60,28748,2059344
2019,Medium Metro,Male,65-69,65,33354,1763649
2019,Medium Metro,Male,70-74,70,37247,1435199
2019,Medium Metro,Male,75-79,75,38869,955082
2019,Medium Metro,Male,80-84,80,38949,586627
2019,Medium Metro,Male,85+,85,74316,518298
2017,Micropolitan (Nonmetro),Female,1,0,883,155181
2017,Micropolitan (Nonmetro),Female,1-4,1,170,636408
2017,Micropolitan (Nonmetro),Female,5-9,5,118,815321
2017,Micropolitan (Nonmetro),Female,10-14,10,139,838800
2017,Micropolitan (Nonmetro),Female,15-19,15,320,879189
2017,Micropolitan (Nonmetro),Female,20-24,20,538,902520
2017,Micropolitan (Nonmetro),Female,25-29,25,720,824230
2017,Micropolitan (Nonmetro),Female,30-34,30,941,773745
2017,Micropolitan (Nonmetro),Female,35-39,35,1247,785877
2017,Micropolitan (Nonmetro),Female,40-44,40,1695,740755
2017,Micropolitan (Nonmetro),Female,45-49,45,2590,814661
2017,Micropolitan (Nonmetro),Female,50-54,50,4270,881780
2017,Micropolitan (Nonmetro),Female,55-59,55,6792,978795
2017,Micropolitan (Nonmetro),Female,60-64,60,8909,948479
2017,Micropolitan (Nonmetro),Female,65-69,65,11243,829406
2017,Micropolitan (Nonmetro),Female,70-74,70,13884,654315
2017,Micropolitan (Nonmetro),Female,75-79,75,15912,469172
2017,Micropolitan (Nonmetro),Female,80-84,80,18763,333403
2017,Micropolitan (Nonmetro),Female,85+,85,54577,392683
2018,Micropolitan (Nonmetro),Female,1,0,837,150930
2018,Micropolitan (Nonmetro),Female,1-4,1,156,633989
2018,Micropolitan (Nonmetro),Female,5-9,5,93,807258
2018,Micropolitan (Nonmetro),Female,10-14,10,120,842820
2018,Micropolitan (Nonmetro),Female,15-19,15,322,873957
2018,Micropolitan (Nonmetro),Female,20-24,20,495,890892
2018,Micropolitan (Nonmetro),Female,25-29,25,821,830750
2018,Micropolitan (Nonmetro),Female,30-34,30,969,771273
2018,Micropolitan (Nonmetro),Female,35-39,35,1279,794814
2018,Micropolitan (Nonmetro),Female,40-44,40,1628,742321
2018,Micropolitan (Nonmetro),Female,45-49,45,2562,805058
2018,Micropolitan (Nonmetro),Female,50-54,50,4075,850543
2018,Micropolitan (Nonmetro),Female,55-59,55,6761,969036
2018,Micropolitan (Nonmetro),Female,60-64,60,9060,959668
2018,Micropolitan (Nonmetro),Female,65-69,65,11237,841864
2018,Micropolitan (Nonmetro),Female,70-74,70,14417,677523
2018,Micropolitan (Nonmetro),Female,75-79,75,16442,492817
2018,Micropolitan (Nonmetro),Female,80-84,80,18829,340012
2018,Micropolitan (Nonmetro),Female,85+,85,54034,393301
2019,Micropolitan (Nonmetro),Female,1,0,860,148695
2019,Micropolitan (Nonmetro),Female,1-4,1,187,627829
2019,Micropolitan (Nonmetro),Female,5-9,5,111,803106
2019,Micropolitan (Nonmetro),Female,10-14,10,128,839838
2019,Micropolitan (Nonmetro),Female,15-19,15,297,868222
2019,Micropolitan (Nonmetro),Female,20-24,20,517,881707
2019,Micropolitan (Nonmetro),Female,25-29,25,723,827819
2019,Micropolitan (Nonmetro),Female,30-34,30,1068,777609
2019,Micropolitan (Nonmetro),Female,35-39,35,1310,796259
2019,Micropolitan (Nonmetro),Female,40-44,40,1682,748390
2019,Micropolitan (Nonmetro),Female,45-49,45,2533,790283
2019,Micropolitan (Nonmetro),Female,50-54,50,3935,824319
2019,Micropolitan (Nonmetro),Female,55-59,55,6681,958227
2019,Micropolitan (Nonmetro),Female,60-64,60,9404,964574
2019,Micropolitan (Nonmetro),Female,65-69,65,11443,859049
2019,Micropolitan (Nonmetro),Female,70-74,70,14683,704246
2019,Micropolitan (Nonmetro),Female,75-79,75,16803,508194
2019,Micropolitan (Nonmetro),Female,80-84,80,19181,347670
2019,Micropolitan (Nonmetro),Female,85+,85,53667,392070
2017,Micropolitan (Nonmetro),Male,1,0,1125,162584
2017,Micropolitan (Nonmetro),Male,1-4,1,243,665903
2017,Micropolitan (Nonmetro),Male,5-9,5,139,852459
2017,Micropolitan (Nonmetro),Male,10-14,10,202,879062
2017,Micropolitan (Nonmetro),Male,15-19,15,786,932562
2017,Micropolitan (Nonmetro),Male,20-24,20,1356,1001587
2017,Micropolitan (Nonmetro),Male,25-29,25,1799,907651
2017,Micropolitan (Nonmetro),Male,30-34,30,1974,828336
2017,Micropolitan (Nonmetro),Male,35-39,35,2321,821847
2017,Micropolitan (Nonmetro),Male,40-44,40,2712,766308
2017,Micropolitan (Nonmetro),Male,45-49,45,4059,834451
2017,Micropolitan (Nonmetro),Male,50-54,50,6536,878705
2017,Micropolitan (Nonmetro),Male,55-59,55,10668,944271
2017,Micropolitan (Nonmetro),Male,60-64,60,13973,899848
2017,Micropolitan (Nonmetro),Male,65-69,65,16380,779077
2017,Micropolitan (Nonmetro),Male,70-74,70,17849,591501
2017,Micropolitan (Nonmetro),Male,75-79,75,18672,396320
2017,Micropolitan (Nonmetro),Male,80-84,80,19287,251060
2017,Micropolitan (Nonmetro),Male,85+,85,33717,212593
2018,Micropolitan (Nonmetro),Male,1,0,1128,158036
2018,Micropolitan (Nonmetro),Male,1-4,1,244,661772
2018,Micropolitan (Nonmetro),Male,5-9,5,145,844782
2018,Micropolitan (Nonmetro),Male,10-14,10,188,883345
2018,Micropolitan (Nonmetro),Male,15-19,15,749,926592
2018,Micropolitan (Nonmetro),Male,20-24,20,1327,987721
2018,Micropolitan (Nonmetro),Male,25-29,25,1711,918888
2018,Micropolitan (Nonmetro),Male,30-34,30,1865,828742
2018,Micropolitan (Nonmetro),Male,35-39,35,2311,830033
2018,Micropolitan (Nonmetro),Male,40-44,40,2607,769023
2018,Micropolitan (Nonmetro),Male,45-49,45,4081,823501
2018,Micropolitan (Nonmetro),Male,50-54,50,6258,850562
2018,Micropolitan (Nonmetro),Male,55-59,55,10296,933370
2018,Micropolitan (Nonmetro),Male,60-64,60,14153,909448
2018,Micropolitan (Nonmetro),Male,65-69,65,16636,787863
2018,Micropolitan (Nonmetro),Male,70-74,70,18727,614391
2018,Micropolitan (Nonmetro),Male,75-79,75,19484,418324
2018,Micropolitan (Nonmetro),Male,80-84,80,19593,259624
2018,Micropolitan (Nonmetro),Male,85+,85,34067,215662
2019,Micropolitan (Nonmetro),Male,1,0,1100,155856
2019,Micropolitan (Nonmetro),Male,1-4,1,218,655266
2019,Micropolitan (Nonmetro),Male,5-9,5,136,842174
2019,Micropolitan (Nonmetro),Male,10-14,10,195,879224
2019,Micropolitan (Nonmetro),Male,15-19,15,694,921169
2019,Micropolitan (Nonmetro),Male,20-24,20,1308,975606
2019,Micropolitan (Nonmetro),Male,25-29,25,1665,918383
2019,Micropolitan (Nonmetro),Male,30-34,30,1965,838173
2019,Micropolitan (Nonmetro),Male,35-39,35,2439,831748
2019,Micropolitan (Nonmetro),Male,40-44,40,2790,776649
2019,Micropolitan (Nonmetro),Male,45-49,45,3988,807305
2019,Micropolitan (Nonmetro),Male,50-54,50,5993,828079
2019,Micropolitan (Nonmetro),Male,55-59,55,10454,924361
2019,Micropolitan (Nonmetro),Male,60-64,60,14404,912507
2019,Micropolitan (Nonmetro),Male,65-69,65,16966,800116
2019,Micropolitan (Nonmetro),Male,70-74,70,19086,640526
2019,Micropolitan (Nonmetro),Male,75-79,75,20019,431877
2019,Micropolitan (Nonmetro),Male,80-84,80,20005,267338
2019,Micropolitan (Nonmetro),Male,85+,85,33705,219959
2017,NonCore (Nonmetro),Female,1,0,665,101463
2017,NonCore (Nonmetro),Female,1-4,1,144,422050
2017,NonCore (Nonmetro),Female,5-9,5,73,548183
2017,NonCore (Nonmetro),Female,10-14,10,120,574491
2017,NonCore (Nonmetro),Female,15-19,15,273,551702
2017,NonCore (Nonmetro),Female,20-24,20,369,492268
2017,NonCore (Nonmetro),Female,25-29,25,525,507891
2017,NonCore (Nonmetro),Female,30-34,30,688,491372
2017,NonCore (Nonmetro),Female,35-39,35,877,514403
2017,NonCore (Nonmetro),Female,40-44,40,1227,498435
2017,NonCore (Nonmetro),Female,45-49,45,1931,555521
2017,NonCore (Nonmetro),Female,50-54,50,3264,624586
2017,NonCore (Nonmetro),Female,55-59,55,5111,708342
2017,NonCore (Nonmetro),Female,60-64,60,7016,701068
2017,NonCore (Nonmetro),Female,65-69,65,8524,623201
2017,NonCore (Nonmetro),Female,70-74,70,10744,503619
2017,NonCore (Nonmetro),Female,75-79,75,12480,369026
2017,NonCore (Nonmetro),Female,80-84,80,14825,261758
2017,NonCore (Nonmetro),Female,85+,85,40630,298979
2018,NonCore (Nonmetro),Female,1,0,598,98874
2018,NonCore (Nonmetro),Female,1-4,1,127,419850
2018,NonCore (Nonmetro),Female,5-9,5,74,541235
2018,NonCore (Nonmetro),Female,10-14,10,111,575948
2018,NonCore (Nonmetro),Female,15-19,15,230,546876
2018,NonCore (Nonmetro),Female,20-24,20,356,484176
2018,NonCore (Nonmetro),Female,25-29,25,459,515036
2018,NonCore (Nonmetro),Female,30-34,30,678,488180
2018,NonCore (Nonmetro),Female,35-39,35,912,517608
2018,NonCore (Nonmetro),Female,40-44,40,1171,497426
2018,NonCore (Nonmetro),Female,45-49,45,1863,547466
2018,NonCore (Nonmetro),Female,50-54,50,3176,599135
2018,NonCore (Nonmetro),Female,55-59,55,5122,701348
2018,NonCore (Nonmetro),Female,60-64,60,6854,708510
2018,NonCore (Nonmetro),Female,65-69,65,8652,631149
2018,NonCore (Nonmetro),Female,70-74,70,11046,517060
2018,NonCore (Nonmetro),Female,75-79,75,12865,384193
2018,NonCore (Nonmetro),Female,80-84,80,14913,266946
2018,NonCore (Nonmetro),Female,85+,85,40322,299375
2019,NonCore (Nonmetro),Female,1,0,564,97552
2019,NonCore (Nonmetro),Female,1-4,1,122,415348
2019,NonCore (Nonmetro),Female,5-9,5,77,538290
2019,NonCore (Nonmetro),Female,10-14,10,100,571859
2019,NonCore (Nonmetro),Female,15-19,15,275,541730
2019,NonCore (Nonmetro),Female,20-24,20,383,476624
2019,NonCore (Nonmetro),Female,25-29,25,515,512785
2019,NonCore (Nonmetro),Female,30-34,30,633,489745
2019,NonCore (Nonmetro),Female,35-39,35,925,516329
2019,NonCore (Nonmetro),Female,40-44,40,1200,500399
2019,NonCore (Nonmetro),Female,45-49,45,1807,536515
2019,NonCore (Nonmetro),Female,50-54,50,2807,576528
2019,NonCore (Nonmetro),Female,55-59,55,5069,692618
2019,NonCore (Nonmetro),Female,60-64,60,7157,710539
2019,NonCore (Nonmetro),Female,65-69,65,8733,642756
2019,NonCore (Nonmetro),Female,70-74,70,11123,533617
2019,NonCore (Nonmetro),Female,75-79,75,12942,393918
2019,NonCore (Nonmetro),Female,80-84,80,14972,271731
2019,NonCore (Nonmetro),Female,85+,85,39728,299725
2017,NonCore (Nonmetro),Male,1,0,768,106453
2017,NonCore (Nonmetro),Male,1-4,1,164,442555
2017,NonCore (Nonmetro),Male,5-9,5,97,574860
2017,NonCore (Nonmetro),Male,10-14,10,152,603067
2017,NonCore (Nonmetro),Male,15-19,15,559,602897
2017,NonCore (Nonmetro),Male,20-24,20,970,568905
2017,NonCore (Nonmetro),Male,25-29,25,1278,578459
2017,NonCore (Nonmetro),Male,30-34,30,1403,540872
2017,NonCore (Nonmetro),Male,35-39,35,1606,551695
2017,NonCore (Nonmetro),Male,40-44,40,1913,529474
2017,NonCore (Nonmetro),Male,45-49,45,2830,580537
2017,NonCore (Nonmetro),Male,50-54,50,4984,631517
2017,NonCore (Nonmetro),Male,55-59,55,8137,701541
2017,NonCore (Nonmetro),Male,60-64,60,11002,682939
2017,NonCore (Nonmetro),Male,65-69,65,13162,605824
2017,NonCore (Nonmetro),Male,70-74,70,14754,472547
2017,NonCore (Nonmetro),Male,75-79,75,15576,325804
2017,NonCore (Nonmetro),Male,80-84,80,15816,206773
2017,NonCore (Nonmetro),Male,85+,85,25856,166817
2018,NonCore (Nonmetro),Male,1,0,753,103647
2018,NonCore (Nonmetro),Male,1-4,1,187,440927
2018,NonCore (Nonmetro),Male,5-9,5,97,567909
2018,NonCore (Nonmetro),Male,10-14,10,140,604426
2018,NonCore (Nonmetro),Male,15-19,15,562,597957
2018,NonCore (Nonmetro),Male,20-24,20,949,560139
2018,NonCore (Nonmetro),Male,25-29,25,1181,587638
2018,NonCore (Nonmetro),Male,30-34,30,1320,539672
2018,NonCore (Nonmetro),Male,35-39,35,1714,555314
2018,NonCore (Nonmetro),Male,40-44,40,1873,529001
2018,NonCore (Nonmetro),Male,45-49,45,2879,572633
2018,NonCore (Nonmetro),Male,50-54,50,4811,608095
2018,NonCore (Nonmetro),Male,55-59,55,8134,692244
2018,NonCore (Nonmetro),Male,60-64,60,11048,688053
2018,NonCore (Nonmetro),Male,65-69,65,13340,610695
2018,NonCore (Nonmetro),Male,70-74,70,15086,487002
2018,NonCore (Nonmetro),Male,75-79,75,16034,340834
2018,NonCore (Nonmetro),Male,80-84,80,15792,213446
2018,NonCore (Nonmetro),Male,85+,85,25799,169696
2019,NonCore (Nonmetro),Male,1,0,689,102338
2019,NonCore (Nonmetro),Male,1-4,1,174,437168
2019,NonCore (Nonmetro),Male,5-9,5,100,565666
2019,NonCore (Nonmetro),Male,10-14,10,181,600076
2019,NonCore (Nonmetro),Male,15-19,15,570,591181
2019,NonCore (Nonmetro),Male,20-24,20,898,551858
2019,NonCore (Nonmetro),Male,25-29,25,1169,588036
2019,NonCore (Nonmetro),Male,30-34,30,1357,542899
2019,NonCore (Nonmetro),Male,35-39,35,1737,552412
2019,NonCore (Nonmetro),Male,40-44,40,2076,532440
2019,NonCore (Nonmetro),Male,45-49,45,2909,560610
2019,NonCore (Nonmetro),Male,50-54,50,4521,587393
2019,NonCore (Nonmetro),Male,55-59,55,7948,682598
2019,NonCore (Nonmetro),Male,60-64,60,11229,689823
2019,NonCore (Nonmetro),Male,65-69,65,13449,619115
2019,NonCore (Nonmetro),Male,70-74,70,15558,503309
2019,NonCore (Nonmetro),Male,75-79,75,16511,350018
2019,NonCore (Nonmetro),Male,80-84,80,16085,219171
2019,NonCore (Nonmetro),Male,85+,85,25964,173920
2017,Small Metro,Female,1,0,900,171663
2017,Small Metro,Female,1-4,1,161,698315
2017,Small Metro,Female,5-9,5,105,883756
2017,Small Metro,Female,10-14,10,127,897403
2017,Small Metro,Female,15-19,15,312,983066
2017,Small Metro,Female,20-24,20,565,1125349
2017,Small Metro,Female,25-29,25,777,984746
2017,Small Metro,Female,30-34,30,1025,898889
2017,Small Metro,Female,35-39,35,1292,883700
2017,Small Metro,Female,40-44,40,1574,809282
2017,Small Metro,Female,45-49,45,2511,874204
2017,Small Metro,Female,50-54,50,4106,932663
2017,Small Metro,Female,55-59,55,6525,1020087
2017,Small Metro,Female,60-64,60,8486,985685
2017,Small Metro,Female,65-69,65,10882,871889
2017,Small Metro,Female,70-74,70,13293,685552
2017,Small Metro,Female,75-79,75,15464,488350
2017,Small Metro,Female,80-84,80,18693,346121
2017,Small Metro,Female,85+,85,54792,404197
2018,Small Metro,Female,1,0,879,167177
2018,Small Metro,Female,1-4,1,141,697437
2018,Small Metro,Female,5-9,5,115,879912
2018,Small Metro,Female,10-14,10,137,905230
2018,Small Metro,Female,15-19,15,319,984663
2018,Small Metro,Female,20-24,20,518,1118139
2018,Small Metro,Female,25-29,25,729,991306
2018,Small Metro,Female,30-34,30,993,903087
2018,Small Metro,Female,35-39,35,1309,900264
2018,Small Metro,Female,40-44,40,1628,816861
2018,Small Metro,Female,45-49,45,2544,867724
2018,Small Metro,Female,50-54,50,3869,904321
2018,Small Metro,Female,55-59,55,6522,1015581
2018,Small Metro,Female,60-64,60,8762,1000624
2018,Small Metro,Female,65-69,65,10714,888431
2018,Small Metro,Female,70-74,70,13580,715388
2018,Small Metro,Female,75-79,75,16119,516708
2018,Small Metro,Female,80-84,80,18825,355125
2018,Small Metro,Female,85+,85,54802,406898
2019,Small Metro,Female,1,0,876,164847
2019,Small Metro,Female,1-4,1,169,689482
2019,Small Metro,Female,5-9,5,101,879473
2019,Small Metro,Female,10-14,10,137,903096
2019,Small Metro,Female,15-19,15,330,982216
2019,Small Metro,Female,20-24,20,497,1105955
2019,Small Metro,Female,25-29,25,681,984541
2019,Small Metro,Female,30-34,30,983,912487
2019,Small Metro,Female,35-39,35,1360,907495
2019,Small Metro,Female,40-44,40,1659,829362
2019,Small Metro,Female,45-49,45,2487,852580
2019,Small Metro,Female,50-54,50,3736,880695
2019,Small Metro,Female,55-59,55,6323,1008073
2019,Small Metro,Female,60-64,60,8986,1007744
2019,Small Metro,Female,65-69,65,10943,908610
2019,Small Metro,Female,70-74,70,13926,747992
2019,Small Metro,Female,75-79,75,16282,537323
2019,Small Metro,Female,80-84,80,19359,364459
2019,Small Metro,Female,85+,85,53659,407341
2017,Small Metro,Male,1,0,1236,179865
2017,Small Metro,Male,1-4,1,234,731449
2017,Small Metro,Male,5-9,5,127,924271
2017,Small Metro,Male,10-14,10,199,936229
2017,Small Metro,Male,15-19,15,743,1024910
2017,Small Metro,Male,20-24,20,1451,1230570
2017,Small Metro,Male,25-29,25,1802,1057301
2017,Small Metro,Male,30-34,30,2003,937542
2017,Small Metro,Male,35-39,35,2278,904110
2017,Small Metro,Male,40-44,40,2568,815896
2017,Small Metro,Male,45-49,45,3958,866764
2017,Small Metro,Male,50-54,50,6228,904265
2017,Small Metro,Male,55-59,55,9906,960395
2017,Small Metro,Male,60-64,60,12963,903040
2017,Small Metro,Male,65-69,65,15296,792862
2017,Small Metro,Male,70-74,70,17075,607239
2017,Small Metro,Male,75-79,75,17936,406407
2017,Small Metro,Male,80-84,80,18842,262034
2017,Small Metro,Male,85+,85,34833,227024
2018,Small Metro,Male,1,0,1229,175133
2018,Small Metro,Male,1-4,1,222,730950
2018,Small Metro,Male,5-9,5,141,920286
2018,Small Metro,Male,10-14,10,162,944973
2018,Small Metro,Male,15-19,15,722,1023625
2018,Small Metro,Male,20-24,20,1407,1217124
2018,Small Metro,Male,25-29,25,1837,1066439
2018,Small Metro,Male,30-34,30,2024,944116
2018,Small Metro,Male,35-39,35,2356,919479
2018,Small Metro,Male,40-44,40,2616,824782
2018,Small Metro,Male,45-49,45,3771,857794
2018,Small Metro,Male,50-54,50,6116,879635
2018,Small Metro,Male,55-59,55,10113,956083
2018,Small Metro,Male,60-64,60,13731,915935
2018,Small Metro,Male,65-69,65,16090,801565
2018,Small Metro,Male,70-74,70,17715,636015
2018,Small Metro,Male,75-79,75,18878,432490
2018,Small Metro,Male,80-84,80,19104,271379
2018,Small Metro,Male,85+,85,34842,232202
2019,Small Metro,Male,1,0,1162,172694
2019,Small Metro,Male,1-4,1,218,722679
2019,Small Metro,Male,5-9,5,141,921572
2019,Small Metro,Male,10-14,10,203,943444
2019,Small Metro,Male,15-19,15,678,1019563
2019,Small Metro,Male,20-24,20,1399,1200179
2019,Small Metro,Male,25-29,25,1740,1059991
2019,Small Metro,Male,30-34,30,2053,953296
2019,Small Metro,Male,35-39,35,2388,926216
2019,Small Metro,Male,40-44,40,2774,837832
2019,Small Metro,Male,45-49,45,3825,843054
2019,Small Metro,Male,50-54,50,5803,859309
2019,Small Metro,Male,55-59,55,9850,949177
2019,Small Metro,Male,60-64,60,13635,923094
2019,Small Metro,Male,65-69,65,16051,815556
2019,Small Metro,Male,70-74,70,18204,666257
2019,Small Metro,Male,75-79,75,19320,448992
2019,Small Metro,Male,80-84,80,19418,279803
2019,Small Metro,Male,85+,85,35073,237544
